doc_id,item,category,amount,price,discount
OXB-66716,Гель для посуды Fairy 900мл,Бытовая химия,5,189.0,0.0
OXB-66716,Корзина для белья плетёная,Хозтовары,5,699.0,0.0
OXB-66716,Органайзер для специй,Кухонные аксессуары,4,299.0,29.9
OXB-66716,Плед флисовый 150x200,Текстиль,4,799.0,79.9
OXB-66716,Дозатор для мыла пластик,Хозтовары,1,149.0,0.0
OXB-66716,Скатерть клетчатая 140x180,Текстиль,5,449.0,67.35
XGA-85572,Ведро с отжимом 10л,Хозтовары,3,449.0,0.0
XZP-18854,Отбеливатель Domestos 1л,Бытовая химия,4,129.0,19.35
XZP-18854,Дозатор для мыла пластик,Хозтовары,5,149.0,0.0
XZP-18854,Подушка силиконовая 70x70,Текстиль,5,599.0,0.0
XZP-18854,Средство для унитаза Bref,Бытовая химия,1,89.0,0.0
GJD-73674,Тарелка суповая 500мл,Посуда,4,89.0,0.0
NCW-13597,Ведро с отжимом 10л,Хозтовары,4,449.0,0.0
NCW-13597,Отбеливатель Domestos 1л,Бытовая химия,3,129.0,0.0
NCW-13597,Чистящий крем Cif 500мл,Бытовая химия,5,99.0,9.9
NCW-13597,Порошок стиральный Ariel 3кг,Бытовая химия,3,549.0,82.35
NCW-13597,Средство для унитаза Bref,Бытовая химия,1,89.0,0.0
NCW-13597,Кастрюля 5л нержавейка,Посуда,3,999.0,149.85
END-68806,Сковорода 28см антипригарная,Посуда,4,1490.0,0.0
END-68806,Порошок стиральный Ariel 3кг,Бытовая химия,2,549.0,82.35
END-68806,Диспенсер для пакетов,Кухонные аксессуары,2,99.0,0.0
END-68806,Швабра с насадкой микрофибра,Хозтовары,1,599.0,89.85
MXG-56838,Разделочная доска 40x25 бамбук,Кухонные аксессуары,1,349.0,0.0
MXG-56838,Подушка силиконовая 70x70,Текстиль,3,599.0,89.85
MXG-56838,Диспенсер для пакетов,Кухонные аксессуары,4,99.0,0.0
MXG-56838,Скатерть клетчатая 140x180,Текстиль,2,449.0,44.9
MXG-56838,Сковорода 28см антипригарная,Посуда,2,1490.0,0.0
KUP-37215,Набор губок для мытья 5шт,Хозтовары,5,79.0,11.85
KUP-37215,Разделочная доска 40x25 бамбук,Кухонные аксессуары,1,349.0,0.0
KUP-37215,Гель для посуды Fairy 900мл,Бытовая химия,3,189.0,0.0
KUP-37215,Комплект постельного 2-спальный,Текстиль,1,1299.0,0.0
KUP-37215,Сковорода 28см антипригарная,Посуда,2,1490.0,74.5
KUP-37215,Порошок стиральный Ariel 3кг,Бытовая химия,4,549.0,54.9
UAK-51318,Набор губок для мытья 5шт,Хозтовары,5,79.0,0.0
UAK-51318,Корзина для белья плетёная,Хозтовары,3,699.0,0.0
UAK-51318,Разделочная доска 40x25 бамбук,Кухонные аксессуары,5,349.0,0.0
UAK-51318,Форма для выпечки силикон,Кухонные аксессуары,3,249.0,0.0
TRR-93875,Подушка силиконовая 70x70,Текстиль,2,599.0,29.95
TRR-93875,Плед флисовый 150x200,Текстиль,5,799.0,0.0
TRR-93875,Корзина для белья плетёная,Хозтовары,3,699.0,0.0
TRR-93875,Сковорода 28см антипригарная,Посуда,2,1490.0,74.5
TRR-93875,Комплект постельного 2-спальный,Текстиль,4,1299.0,64.95
ZHR-86324,Плед флисовый 150x200,Текстиль,5,799.0,79.9
ZHR-86324,Отбеливатель Domestos 1л,Бытовая химия,4,129.0,0.0
ZHR-86324,Терморкружка 400мл,Кухонные аксессуары,1,499.0,0.0
NXZ-86393,Терморкружка 400мл,Кухонные аксессуары,2,499.0,0.0
NXZ-86393,Диспенсер для пакетов,Кухонные аксессуары,1,99.0,4.95
NXZ-86393,Кастрюля 5л нержавейка,Посуда,1,999.0,149.85
NXZ-86393,Форма для выпечки силикон,Кухонные аксессуары,1,249.0,24.9
NXZ-86393,Скатерть клетчатая 140x180,Текстиль,3,449.0,44.9
HHT-89299,Набор ножей 5 предметов,Посуда,2,699.0,34.95
HHT-89299,Разделочная доска 40x25 бамбук,Кухонные аксессуары,5,349.0,52.35
HHT-89299,Органайзер для специй,Кухонные аксессуары,2,299.0,0.0
PPP-73855,Дозатор для мыла пластик,Хозтовары,1,149.0,14.9
PPP-73855,Комплект постельного 2-спальный,Текстиль,1,1299.0,0.0
PPP-73855,Терморкружка 400мл,Кухонные аксессуары,3,499.0,49.9
PPP-73855,Набор ножей 5 предметов,Посуда,1,699.0,0.0
DFU-87104,Чайник электрический 1.7л,Посуда,4,1299.0,0.0
DFU-87104,Дозатор для мыла пластик,Хозтовары,2,149.0,0.0
DFU-87104,Разделочная доска 40x25 бамбук,Кухонные аксессуары,3,349.0,0.0
DFU-87104,Органайзер для специй,Кухонные аксессуары,1,299.0,0.0
DFU-87104,Сковорода 28см антипригарная,Посуда,1,1490.0,0.0
MTN-71474,Подушка силиконовая 70x70,Текстиль,3,599.0,59.9
MTN-71474,Гель для посуды Fairy 900мл,Бытовая химия,5,189.0,9.45
FYU-86798,Органайзер для специй,Кухонные аксессуары,2,299.0,44.85
YIP-27437,Чайник электрический 1.7л,Посуда,3,1299.0,0.0
YIP-27437,Средство для унитаза Bref,Бытовая химия,5,89.0,0.0
MWG-50758,Чайник электрический 1.7л,Посуда,4,1299.0,129.9
QCC-21781,Набор ножей 5 предметов,Посуда,2,699.0,0.0
QCC-21781,Отбеливатель Domestos 1л,Бытовая химия,1,129.0,0.0
QCC-21781,Швабра с насадкой микрофибра,Хозтовары,2,599.0,0.0
QCC-21781,Кастрюля 5л нержавейка,Посуда,3,999.0,0.0
QCC-21781,Чистящий крем Cif 500мл,Бытовая химия,2,99.0,0.0
QCC-21781,Плед флисовый 150x200,Текстиль,3,799.0,0.0
CXL-22919,Порошок стиральный Ariel 3кг,Бытовая химия,5,549.0,0.0
CXL-22919,Сковорода 28см антипригарная,Посуда,2,1490.0,149.0
CXL-22919,Плед флисовый 150x200,Текстиль,1,799.0,79.9
OQL-85780,Полотенце махровое 70x140,Текстиль,2,349.0,0.0
OQL-85780,Диспенсер для пакетов,Кухонные аксессуары,1,99.0,14.85
OQL-85780,Разделочная доска 40x25 бамбук,Кухонные аксессуары,3,349.0,0.0
OQL-85780,Подушка силиконовая 70x70,Текстиль,4,599.0,0.0
OQL-85780,Комплект постельного 2-спальный,Текстиль,4,1299.0,194.85
NFZ-90412,Форма для выпечки силикон,Кухонные аксессуары,4,249.0,0.0
NFZ-90412,Органайзер для специй,Кухонные аксессуары,2,299.0,0.0
NFZ-90412,Гель для посуды Fairy 900мл,Бытовая химия,3,189.0,0.0
NFZ-90412,Дозатор для мыла пластик,Хозтовары,4,149.0,22.35
NFZ-90412,Полотенце махровое 70x140,Текстиль,2,349.0,0.0
BVG-29631,Гель для посуды Fairy 900мл,Бытовая химия,5,189.0,9.45
FSM-54572,Чистящий крем Cif 500мл,Бытовая химия,1,99.0,4.95
FSM-54572,Подушка силиконовая 70x70,Текстиль,1,599.0,0.0
FSM-54572,Набор губок для мытья 5шт,Хозтовары,1,79.0,0.0
FSM-54572,Плед флисовый 150x200,Текстиль,1,799.0,0.0
FSM-54572,Скатерть клетчатая 140x180,Текстиль,2,449.0,44.9
FSM-54572,Гель для посуды Fairy 900мл,Бытовая химия,2,189.0,0.0
FJT-75657,Чистящий крем Cif 500мл,Бытовая химия,3,99.0,9.9
FJT-75657,Диспенсер для пакетов,Кухонные аксессуары,2,99.0,9.9
FJT-75657,Форма для выпечки силикон,Кухонные аксессуары,1,249.0,24.9
QNY-45065,Порошок стиральный Ariel 3кг,Бытовая химия,5,549.0,0.0
QNY-45065,Средство для унитаза Bref,Бытовая химия,1,89.0,0.0
QNY-45065,Отбеливатель Domestos 1л,Бытовая химия,5,129.0,6.45
QNY-45065,Набор ножей 5 предметов,Посуда,1,699.0,0.0
QNY-45065,Швабра с насадкой микрофибра,Хозтовары,2,599.0,59.9
NRJ-76746,Комплект постельного 2-спальный,Текстиль,4,1299.0,0.0
NEM-16529,Сковорода 28см антипригарная,Посуда,2,1490.0,0.0
NEM-16529,Отбеливатель Domestos 1л,Бытовая химия,4,129.0,0.0
TGF-92742,Гель для посуды Fairy 900мл,Бытовая химия,1,189.0,0.0
TGF-92742,Тарелка суповая 500мл,Посуда,1,89.0,4.45
TGF-92742,Дозатор для мыла пластик,Хозтовары,2,149.0,14.9
TGF-92742,Разделочная доска 40x25 бамбук,Кухонные аксессуары,2,349.0,52.35
TGF-92742,Чистящий крем Cif 500мл,Бытовая химия,5,99.0,4.95
KZM-63349,Органайзер для специй,Кухонные аксессуары,5,299.0,44.85
KZM-63349,Швабра с насадкой микрофибра,Хозтовары,5,599.0,59.9
IUM-62956,Ведро с отжимом 10л,Хозтовары,3,449.0,44.9
IUM-62956,Форма для выпечки силикон,Кухонные аксессуары,2,249.0,37.35
IUM-62956,Диспенсер для пакетов,Кухонные аксессуары,5,99.0,4.95
NYF-75620,Ведро с отжимом 10л,Хозтовары,2,449.0,22.45
NYF-75620,Гель для посуды Fairy 900мл,Бытовая химия,3,189.0,18.9
NYF-75620,Подушка силиконовая 70x70,Текстиль,5,599.0,89.85
NYF-75620,Диспенсер для пакетов,Кухонные аксессуары,1,99.0,4.95
YCI-03423,Диспенсер для пакетов,Кухонные аксессуары,2,99.0,14.85
YCI-03423,Чистящий крем Cif 500мл,Бытовая химия,1,99.0,0.0
YCI-03423,Разделочная доска 40x25 бамбук,Кухонные аксессуары,4,349.0,0.0
YCI-03423,Плед флисовый 150x200,Текстиль,3,799.0,0.0
YCI-03423,Корзина для белья плетёная,Хозтовары,3,699.0,104.85
MEH-26043,Дозатор для мыла пластик,Хозтовары,1,149.0,0.0
MEH-26043,Сковорода 28см антипригарная,Посуда,2,1490.0,74.5
HNE-32571,Корзина для белья плетёная,Хозтовары,1,699.0,0.0
HNE-32571,Плед флисовый 150x200,Текстиль,4,799.0,119.85
HNE-32571,Разделочная доска 40x25 бамбук,Кухонные аксессуары,4,349.0,34.9
HNE-32571,Чистящий крем Cif 500мл,Бытовая химия,2,99.0,4.95
MLA-88784,Полотенце махровое 70x140,Текстиль,5,349.0,0.0
MLA-88784,Средство для унитаза Bref,Бытовая химия,2,89.0,8.9
BVA-64025,Порошок стиральный Ariel 3кг,Бытовая химия,3,549.0,54.9
BVA-64025,Сковорода 28см антипригарная,Посуда,1,1490.0,0.0
BVA-64025,Терморкружка 400мл,Кухонные аксессуары,5,499.0,0.0
GOO-18612,Кастрюля 5л нержавейка,Посуда,1,999.0,0.0
UVU-61582,Чистящий крем Cif 500мл,Бытовая химия,1,99.0,0.0
UVU-61582,Тарелка суповая 500мл,Посуда,1,89.0,0.0
UVU-61582,Скатерть клетчатая 140x180,Текстиль,3,449.0,44.9
JDF-20461,Сковорода 28см антипригарная,Посуда,4,1490.0,0.0
JDF-20461,Скатерть клетчатая 140x180,Текстиль,3,449.0,0.0
YRF-92758,Терморкружка 400мл,Кухонные аксессуары,1,499.0,49.9
PFM-04945,Скатерть клетчатая 140x180,Текстиль,1,449.0,0.0
PFM-04945,Форма для выпечки силикон,Кухонные аксессуары,3,249.0,0.0
PFM-04945,Корзина для белья плетёная,Хозтовары,2,699.0,0.0
PFM-04945,Чистящий крем Cif 500мл,Бытовая химия,4,99.0,0.0
PFM-04945,Диспенсер для пакетов,Кухонные аксессуары,1,99.0,4.95
UCN-35146,Средство для унитаза Bref,Бытовая химия,5,89.0,0.0
UCN-35146,Сковорода 28см антипригарная,Посуда,1,1490.0,0.0
UCN-35146,Набор губок для мытья 5шт,Хозтовары,1,79.0,3.95
UCN-35146,Форма для выпечки силикон,Кухонные аксессуары,5,249.0,37.35
UCN-35146,Чистящий крем Cif 500мл,Бытовая химия,5,99.0,0.0
WCH-77575,Гель для посуды Fairy 900мл,Бытовая химия,4,189.0,18.9
WCH-77575,Сковорода 28см антипригарная,Посуда,1,1490.0,149.0
WCH-77575,Швабра с насадкой микрофибра,Хозтовары,4,599.0,0.0
WCH-77575,Органайзер для специй,Кухонные аксессуары,2,299.0,14.95
MXN-21011,Плед флисовый 150x200,Текстиль,3,799.0,39.95
MXN-21011,Набор губок для мытья 5шт,Хозтовары,1,79.0,0.0
MXN-21011,Ведро с отжимом 10л,Хозтовары,1,449.0,22.45
MXN-21011,Органайзер для специй,Кухонные аксессуары,2,299.0,14.95
MXN-21011,Корзина для белья плетёная,Хозтовары,5,699.0,0.0
RGO-63161,Плед флисовый 150x200,Текстиль,1,799.0,119.85
RGO-63161,Набор губок для мытья 5шт,Хозтовары,4,79.0,3.95
RGO-63161,Швабра с насадкой микрофибра,Хозтовары,3,599.0,89.85
MWA-03181,Форма для выпечки силикон,Кухонные аксессуары,4,249.0,0.0
MWA-03181,Кастрюля 5л нержавейка,Посуда,3,999.0,0.0
MWA-03181,Чайник электрический 1.7л,Посуда,5,1299.0,129.9
MWA-03181,Тарелка суповая 500мл,Посуда,3,89.0,4.45
MWA-03181,Корзина для белья плетёная,Хозтовары,4,699.0,0.0
HGO-93486,Скатерть клетчатая 140x180,Текстиль,4,449.0,0.0
HGO-93486,Ведро с отжимом 10л,Хозтовары,5,449.0,22.45
HGO-93486,Органайзер для специй,Кухонные аксессуары,2,299.0,0.0
XTK-47474,Ведро с отжимом 10л,Хозтовары,1,449.0,0.0
XPC-39891,Дозатор для мыла пластик,Хозтовары,2,149.0,0.0
ZQP-24300,Средство для унитаза Bref,Бытовая химия,1,89.0,0.0
ZQP-24300,Органайзер для специй,Кухонные аксессуары,2,299.0,0.0
ZQP-24300,Разделочная доска 40x25 бамбук,Кухонные аксессуары,4,349.0,34.9
ZQP-24300,Терморкружка 400мл,Кухонные аксессуары,1,499.0,0.0
ZQP-24300,Комплект постельного 2-спальный,Текстиль,2,1299.0,194.85
ZQP-24300,Ведро с отжимом 10л,Хозтовары,3,449.0,0.0
VLX-12579,Чистящий крем Cif 500мл,Бытовая химия,2,99.0,0.0
VLX-12579,Комплект постельного 2-спальный,Текстиль,3,1299.0,0.0
VLX-12579,Диспенсер для пакетов,Кухонные аксессуары,3,99.0,0.0
VLX-12579,Порошок стиральный Ariel 3кг,Бытовая химия,3,549.0,82.35
VLX-12579,Набор губок для мытья 5шт,Хозтовары,1,79.0,7.9
IAW-92592,Органайзер для специй,Кухонные аксессуары,1,299.0,0.0
IAW-92592,Чайник электрический 1.7л,Посуда,3,1299.0,0.0
WHR-89805,Скатерть клетчатая 140x180,Текстиль,4,449.0,67.35
WHR-89805,Набор ножей 5 предметов,Посуда,3,699.0,0.0
WHR-89805,Диспенсер для пакетов,Кухонные аксессуары,1,99.0,9.9
WHR-89805,Чайник электрический 1.7л,Посуда,1,1299.0,129.9
WHR-89805,Швабра с насадкой микрофибра,Хозтовары,3,599.0,29.95
